metric,value
rows,6272.0
columns,33.0
total_revenue,27868216.28
total_cost_clean,20730199.450000003
gross_profit,7138016.829999999
gross_margin_pct,0.2561346861342788
total_waste_cost,320090.85
